ID,Description,GeneRatio,BgRatio,RichFactor,FoldEnrichment,zScore,pvalue,p.adjust,qvalue,geneID,Count
GO:0097386,glial cell projection,2/7,40/19960,0.05,142.571428571429,16.787083510135,8.17122514808314e-05,0.00179766953257829,0.00120418054813857,GPR161/ADCY10,2
GO:0097450,astrocyte end-foot,1/7,11/19960,0.0909090909090909,259.220779220779,16.0450573068086,0.00385192132712264,0.0405416430756998,0.0271570814861147,ADCY10,1
GO:0097449,astrocyte projection,1/7,21/19960,0.0476190476190476,135.78231292517,11.5745781956781,0.00734262498084137,0.0405416430756998,0.0271570814861147,ADCY10,1
GO:0005925,focal adhesion,2/7,424/19960,0.00471698113207547,13.4501347708895,4.85348247088912,0.0088086172912395,0.0405416430756998,0.0271570814861147,MPZL1/DCAF6,2
GO:0030055,cell-substrate junction,2/7,434/19960,0.00460829493087558,13.1402238314681,4.78937920339968,0.00921400978993176,0.0405416430756998,0.0271570814861147,MPZL1/DCAF6,2
GO:0080008,Cul4-RING E3 ubiquitin ligase complex,1/7,38/19960,0.0263157894736842,75.0375939849624,8.55641686765491,0.0132527608674231,0.0485934565138847,0.0325506407270041,DCAF6,1
