ID,Description,GeneRatio,BgRatio,RichFactor,FoldEnrichment,zScore,pvalue,p.adjust,qvalue,geneID,Count
GO:0004016,adenylate cyclase activity,1/7,11/18737,0.0909090909090909,243.337662337662,15.5422294970066,0.00410294105846198,0.0291122010311547,0.0108156784016674,ADCY10,1
GO:0072542,protein phosphatase activator activity,1/7,18/18737,0.0555555555555556,148.706349206349,12.1202803258258,0.00670638371666998,0.0291122010311547,0.0108156784016674,TIPRL,1
GO:0009975,cyclase activity,1/7,21/18737,0.0476190476190476,127.462585034014,11.2094358087179,0.00782035776404821,0.0291122010311547,0.0108156784016674,ADCY10,1
GO:0019211,phosphatase activator activity,1/7,21/18737,0.0476190476190476,127.462585034014,11.2094358087179,0.00782035776404821,0.0291122010311547,0.0108156784016674,TIPRL,1
GO:0016849,phosphorus-oxygen lyase activity,1/7,23/18737,0.0434782608695652,116.378881987578,10.703492324973,0.00856241206798669,0.0291122010311547,0.0108156784016674,ADCY10,1
